<?xml version="1.0" encoding="UTF-8"?>
<!DOCTYPE mapper PUBLIC "-//mybatis.org//DTD Mapper 3.0//EN" "http://mybatis.org/dtd/mybatis-3-mapper.dtd" >

<mapper namespace="com.wdfall.webmvc.common.domains.board.BoardMapper">

    <sql id="boardListWhereQuery">
        <if test=" search.title != null and search.title != ''  ">
            AND title like  CONCAT('%',#{search.title},'%')
        </if>
        <if test=" search.contents != null and search.contents != ''  ">
            AND contents like  CONCAT('%',#{search.contents},'%')
        </if>
    </sql>


    <select id="getBoardCount" resultType="int" parameterType="map">
        SELECT count(seq)
        FROM tb_board

        <where>
            board_code = #{boardCode}
            <include refid="boardListWhereQuery"/>
        </where>

    </select>


    <select id="getBoardList" resultType="com.wdfall.webmvc.common.domains.board.BoardVO" parameterType="map">
        SELECT *
        FROM tb_board

        <where>
            board_code = #{boardCode}
            <include refid="boardListWhereQuery"/>
        </where>

        ORDER BY ${search.orderBy} ${search.orderDir}
        LIMIT ${search.startInPage}, ${search.perPage}

    </select>

    <select id="findBoardBySeq" resultType="com.wdfall.webmvc.common.domains.board.BoardVO">
        SELECT *
        FROM tb_board
        WHERE board_code = #{boardCode}
          and seq = #{seq}
    </select>

    <insert id="insertBoard" parameterType="map" useGeneratedKeys="true" keyProperty="board.seq">
        insert into tb_board
            (
             board_code,
             title,
             contents,
             passwd,
             author,
             register_time,
             update_time
            )
        values
            (
             #{boardCode},
             #{board.title},
             #{board.contents},
             #{board.passwd},
             #{board.author},
             now(),
             now()
             )
    </insert>


    <update id="updateBoard" parameterType="map" >
        update tb_board
        set
            title = #{board.title},
            contents = #{board.contents},
            passwd = #{board.passwd},
            author = #{board.author},
            update_time = now()
        where
              board_code = #{boardCode}
          AND seq = #{board.seq}
    </update>

    <update id="increaseViewCount" parameterType="map">
        update tb_board
        set view_count = view_count + 1
        where board_code = #{boardCode}
          AND seq = #{seq}
    </update>

    <delete id="deleteBoard"  parameterType="map">
        delete from tb_board
        where board_code = #{boardCode}
          AND seq = #{seq}
    </delete>




    <update id="insertBoardFile" parameterType="map" >
        insert into tb_board_file
            (
             board_code,
             board_seq,
             field_name,
             stored_path,
             stored_name,
             origin_name,
             contents_type,
             contents_length,
             register_time,
             update_time
             )
        values
        (
            #{boardCode},
            #{boardFile.boardSeq},
            #{boardFile.fieldName},
            #{boardFile.storedPath},
            #{boardFile.storedName},
            #{boardFile.originName},
            #{boardFile.contentsType},
            #{boardFile.contentsLength},
            now(),
            now()
        )
    </update>


    <select id="getBoardFiles" resultType="com.wdfall.webmvc.common.domains.board.BoardFileVO" parameterType="map">
        SELECT *
        FROM tb_board_file

        <where>
            board_code = #{boardCode}
            <if test='search.boardSeq > 0'>
                AND board_seq = #{search.boardSeq}
            </if>

            <if test='search.seqs != null and search.seqs.size != 0 '>
                AND seq in
                <foreach collection="search.seqs" item="seq" index="index" separator="," open="(" close=")">
                    #{seq}
                </foreach>
            </if>

            <if test='search.fieldName != null'>
                AND field_name = #{search.fieldName}
            </if>

        </where>

    </select>

    <delete id="deleteBoardFiles" parameterType="map">
        DELETE
        FROM tb_board_file
        WHERE
              board_code = #{boardCode}
          AND seq in
              <foreach collection="seqs" item="seq" index="index" separator="," open="(" close=")">
              #{seq}
              </foreach>
    </delete>

</mapper>

