{
  /*
   *  << 코드 생성 프로그램 config >>
   *  (json parser에서 주석 있어도 parsing 되는 모드이기에 json 파일 빨간줄 무시해도 됨)
   *  1. bizName 수정하고 코드 생성
   *  2. 부모 자식 관계 생성하려면 relationship 설정하고 부모,자식 table 모두 선택후 생성해야 함.
   */

  "bizName": "terms",    // (*) 업무이름, 업무별로 폴더 만듬
  "isAddMybatisSelectKey": true,  // (*) mybatis selectKey sql안에 넣을지 여부
  "isAddValidation": true,  // (*) validation code 추가 여부:   사용법: 필드 주석: <NotNull>, <NotEmpty> ...
  "isAddAnnoCode": true,  // (*) code annotation 추가 여부:   사용법: 필드 주석: {code}
  "isAddAnnoFile": true,  // (*) file annotation 추가 여부:   사용법: 필드 주석: {file}
  "isAddEnum": true,  // (*) enum 추가 여부:    사용법: 필드 주석: {enum: 00-LIFE-생활,01-SHARE-공유 }

  //==
  "packageNameBase": "kr.unicef.common",    // (*) 기본 패키지 명,
  "bizNameDynamicYn": false,    // 업무이름 동적 생성 여부 (table명에서 두번째 필드)
  "removeTablePrefix": true,  // table명에서 첫번째 필드 제거 여부
  "INSERT_FIELD_LIST": ["rgst_id", "rgst_dt"],  // tabale에서 insert 관련 공통 필드
  "UPDATE_FIELD_LIST": ["updt_id", "updt_dt"],  // tabale에서 update 관련 공통 필드


  //== table 관계 (현재 1:N만 지원)
  "relationship": {
    "showErrorWhenNotSelectSubTable": true,   // 코드 생성시 자식 table 같이 선택 안해주면 에러 여부 (자식 table 관계 세팅 되였을 때)
    "showErrorWhenNotSelectParentTable": true,   // 코드 생성시 부모 table 같이 선택 안해주면 에러 여부 (자식 table 관계 세팅 되였을 때)
    "oneToMany": [    // 1:N관계 : e.g. [{"tableOne": "TLSS_SAMPLE", "tableMany": "TLSS_SAMPLE_ATTACH"}]
      {"tableOne": "TLSS_SAMPLE", "tableMany": "TLSS_SAMPLE_ATTACH"}
    ]
  },

  //== template file setting
  "ITEMS": {
    "Info": {  // template item <<설명>>:
      "template" : "wind-gen-00-Info.template", // input template file path,
      "subPath" : "${bizName}/00-info",  // out file dir: 변수사용가능:  (bzName, className, classNameLower, packageNameBase)
      "fileName" : "${className}-info.md", // out file name: 변수사용가능
      "packageName" : "${packageNameBase}.${bizName}.info" // 패키지명: 변수사용가능
    },
    "DTO": {
      "template" : "wind-gen-10-dto.template",
      "subPath" : "${bizName}/01-api/02-common/dto",
      "fileName" : "${className}DTO.java",
      "packageName" : "${packageNameBase}.${bizName}.dto"
    },
    "SEARCH_CRITERIA": {
      "template" : "wind-gen-12-SearchCriteria.template",
      "subPath" : "${bizName}/01-api/02-common/dto",
      "fileName" : "${className}SearchCriteria.java",
      "packageName" : "${packageNameBase}.${bizName}.dto"
    },
    "MYBATIS": {
      "template" : "wind-gen-20-mybatis.template",
      "subPath" : "${bizName}/01-api/01-mybatis",
      "fileName" : "sql-${className}Mapper.xml",
      "packageName" : ""
    },

    "MAPPER": {
      "template" : "wind-gen-30-dao-mapper.template",
      "subPath" : "${bizName}/01-api/02-common/dao",
      "fileName" : "${className}Mapper.java",
      "packageName" : "${packageNameBase}.${bizName}.dao"
    },
    "SERVICE": {
      "template" : "wind-gen-40-service.template",
      "subPath" : "${bizName}/01-api/02-common/service",
      "fileName" : "${className}Service.java",
      "packageName" : "${packageNameBase}.${bizName}.service"
    },
    "CONTROLLER": {
      "template" : "wind-gen-50-controller.template",
      "subPath" : "${bizName}/01-api/03-controller",
      "fileName" : "${className}Controller.java",
      "packageName" : "${packageNameBase}.${bizName}.controller"
    },
    "ServiceTest": {
      "template" : "wind-gen-60-ServiceTest.template",
      "subPath" : "${bizName}/01-api/04-test/test_service",
      "fileName" : "Test${className}Service.java",
      "packageName" : "${packageNameBase}.${bizName}.service"
    },
    "ControllerTest": {
      "template" : "wind-gen-62-ControllerTest.template",
      "subPath" : "${bizName}/01-api/04-test/test_controller",
      "fileName" : "Test${className}Controller.java",
      "packageName" : "${packageNameBase}.${bizName}.controller"
    },

    "UiModel": {
      "template" : "wind-gen-70-UiModel.template",
      "subPath" : "${bizName}/02-ui/01-service/model",
      "fileName" : "${classNameLower}.model.ts",
      "packageName" : "${packageNameBase}.${bizName}.model"
    },

    "UiServiceEnum": {
      "template" : "wind-gen-71-UiServiceEnum.template",
      "subPath" : "${bizName}/02-ui/01-service/enums",
      "fileName" : "${classNameLower}.enum.ts",
      "packageName" : "${packageNameBase}.${bizName}.model"
    },

    "UiServiceFile": {
      "template" : "wind-gen-72-UiServiceFile.template",
      "subPath" : "${bizName}/02-ui/01-service",
      "fileName" : "${classNameLower}.service.ts",
      "packageName" : "${packageNameBase}.${bizName}.model"
    },

    "UiPageTs": {
      "template" : "wind-gen-73-UiPageTs.template",
      "subPath" : "${bizName}/02-ui/02-page",
      "fileName" : "${classNameLower}.page.ts",
      "packageName" : "${packageNameBase}.${bizName}.model"
    },

    "UiPageHtml": {
      "template" : "wind-gen-74-UiPageHtml.template",
      "subPath" : "${bizName}/02-ui/02-page",
      "fileName" : "${classNameLower}.page.html",
      "packageName" : "${packageNameBase}.${bizName}.model"
    },

    "UiPageScss": {
      "template" : "wind-gen-75-UiPageScss.template",
      "subPath" : "${bizName}/02-ui/02-page",
      "fileName" : "${classNameLower}.page.scss",
      "packageName" : "${packageNameBase}.${bizName}.model"
    }
  }

}
